Twitter_ID,Twitter_Name
15828025,adndotcom
341639834,alaskajournal
17761344,anchoragepress
342865213,Alaska_Star
16555200,newsminer
30896285,capweekly
24755505,JuneauEmpire
27984903,pclarion
240872550,KDNSports
715053342,SitNews
4766136326,kdkmirror
936277356,SeldoviaCom
69108694,sitkasentinel
198348697,matsu_news
42961791,AKBusinessMonth
34752115,AlaskaMagazine
4360794500,mushingmagazine
46253974,tnl_updates
27759651,uafsunstar
17827429,smrnews
19350695,alexcityoutlook
14923012,annistonstar
795254196,ArabTribune
28156328,newscourier
43127893,atmoreadvance
372467453,TheAUPlainsman
9893842,ALcomBirmingham
309287835,BirminghamTimes
21246341,bhambizjrnl
26827311,brewtonstandard
3236479136,PickensCoHerald
22828180,postpaper
226202255,wcn_hct
19343772,clantonadv
19344457,shelbycreporter
25020568,TheCullmanTimes
,cullmansense
17455392,decaturdaily
19347884,demopolistimes
16313096,dothaneagle
27217872,ledgernews
27102881,southeastsun
27218902,eufaulatribnews
80747858,TimesDaily
168725662,lowndes_signal
143282576,fptimesjournal
2928418037,gad_messenger
15751559,gadsdentimes
22953160,NorthJeffNews
19347057,GvilleAdvocate
404138079,CCDemocrat
99814106,hartselleenq
19082650,ALcomHuntsville
29212669,valleyplanet
2515368705,DailyMtnEagle
271585088,lsunnews
2907044625,Luverne_Journal
91086406,madisonrecord
44515708,LagniappeMobile
36406095,alcommobile
23785422,monroe360
20477029,mgmadvertiser
135638918,MoultonAdv
16744446,oanow
285312624,SCNewsAegis
849522080,randolphleader
42947713,franklincotimes
,dailysentineljc
463072144,theclarionpaper
1229022492,SelmaTimes
57720546,dailyhome
329663078,TallasseeTrib
50711072,tvilletimes
19349897,troymessenger
18949107,tuscaloosanews
40903888,tuskegeenews
31237182,WetumpkaHerald
52770481,TweetHomeAla
16211809,JSUNews
185900315,Tropolitan
21456389,UABkscope
43852492,TheCrimsonWhite
109387098,UNAFlorAla
507746865,TheVanguardUSA
728645114,SiftingsHerald
123577047,arkansasweekly
16690762,guardonline
30012029,nwademgaz
188487177,SalineCourier
562332180,BoonevilleDemo
185797061,BryantDaily
104632221,cabotstarherald
2307246518,CamdenArkNews
485053538,CarlisleIndepen
463422324,VBCDemocrat
16532722,lcdonline
3107934590,el_newstimes
169614092,freekly
24790910,timesrecord
103091856,harrisondaily
65457088,hebersuntimes
316691756,HelenaDaily
264356119,TheSenRec
,MadCoRecord
479002002,JaxPatriot
337748993,NewtonCoTimes
1448883031,TheSunJonesboro
17288548,arkbusiness
25354366,arkansasonline
17131180,arkansasblog
2546732444,Dailyrecord_AR
72151088,holaarkansas
479761414,LonokeDemocrat
466068083,MaumelleMonitor
366070674,myadvancenews
36105594,BBnewsroom
31414770,StoneCoLeader
,NashLeader
55352444,nlrtimes
147711302,PDailyPress
71590396,pbcommercial
50089656,rsvlcourier
127656904,seadailycitizen
479054591,SherwoodVoice
334982677,LaPrensaLibreAR
606702354,Stuttgart_DL
201579242,TxkGazette
293616226,Times_Dispatch
,WMEveningTimes
22524086,LRFamily
21664546,artourism
,ASUHerald
202321570,thebrayonline
21917202,uatrav
746026706,theualrforum
72892366,UCAEcho
73047163,bensonnews
2840308857,BHCBee
3127324504,MDNreporter
355720535,CVBugle
102760244,CGDispatch
234111183,sonorannews
557350188,ChinoValleynews
167049677,coolidgenews
3137399497,FloAZBlade
171282488,VerdeNews
2934042926,EloyEnterprise
36201747,azds
1098730902,NHOnews
,YourWVnews
961036903,azsilverbelt
16562166,WestValleyView
1260248012,GCanyonNews
21790258,greenvalleynews
319302313,DailyMiner
24289998,havasunews
173978800,Explorer_News
22528819,maricopamonitor
14269985,EVTNow
18090164,nogalesnews
595658763,lakepowellchron
66830461,paysonroundup
18560313,EastPeoriaTimes
18784030,ahwatukeefn
17490662,azcapitoltimes
556215595,CITYSunTimes
66593062,culturadoor
14269985,evtnow
,frontdoorsnews
34776735,phxjnews
2216773626,lavozaz
44439772,PhoenixNewTimes
23835272,phxbizjournal
1470767988,PrensaHispanaAZ
27949016,thedailycourier
556388515,pvtrib
289511993,Pvvt
17764197,eacourier
122561327,sedonanews
426646767,SedonaDotBiz
151189229,WMIcentral
,SVherald
18955124,wranglernews
3952661,TucsonStar
173978800,explorer_news
17761820,azbiz
353889075,SoAzNewsX
17435612,tucsonweekly
2841386975,wickenburgsun
73301751,rangenews
64484397,navajotimes
97770061,Bajo_El_Sol
981387054,GatewayToSedona
205379197,TheAZB
7113852,ArizonaTourism
15476151,azhighways
1326297104,rickpricepga
24443344,northvalley
50447736,TrueWestMag
54928770,wickenburgazcom
15925421,statepress
21443869,collegetimes
389014615,jackcentral
16080839,dailywildcat
1408894190,theacornonline
45199165,jonkawamoto
1289321,EastBayTimes
2168883326,Alameda_Sun
304855409,boyleheightsbt
25120994,AmCanEagle
52449805,thepress_net
253278832,peterdaynews
3285019597,madriverunion
22399210,ncj_of_humboldt
976966297,Atascadero_News
18345112,AuburnJournal
33055408,bakersfieldcali
1511805104,RecordGazette
176481540,ddispatchnews
342590917,Beniciaherald
48422260,BHCourier
55184301,canyonnews90210
419808969,BBGrizzly
1472882329,InyoRegister
25375098,BurbankLeader
25123110,WeeklyCali
552980119,CamarilloAcorn
34437253,thecambrian
10433782,mercnews
747888432,CoastalViewNews
19185158,cerescourier
34072567,cerritosnews
41171271,chicoer
353345474,ChicoNR
126068585,NewzTip
12334212,mercedsunstar
335617594,Courier91711
19680385,RecordBee
,ClovisIndypaper
56826069,ColfaxRecord
15637134,appealdemocrat
40296036,TheDailyPilot
19082263,OCWEEKLY
44008059,thetriplicate
3165777451,CULVERCITYOB
19087287,DanaPointTimes
325769705,ValleySentinel1
76689268,D_Enterprise
26849724,DOWNEYPATRIOT
,publisherjohn
110848131,IVPNews
1694502194,MidValley_News
180950380,heraldpub
222285792,ElkGroveCitizen
41702929,coastnewsgroup
19185497,escalontimes
321602758,mpnewspaper
14148802,sdut
2877462928,TimesAdvocate
124593629,eurekaTS
388084044,AllDailyRepNews
632174792,MtechoWalt
158192819,thefvillagenews
23319431,FrndEnterprise
56048497,FillmoreGazette
23707740,folsomtelegraph
1491304855,HeraldNews1
289561465,FBAdvocateNews
72133803,TMEnews
295921548,fremontbulletin
8249832,fresnobee
46774667,GilroyDispatch
25375420,glendalenp
15536445,TheUnion
20562595,hmbreview
97725070,Beach_Reporter
87767356,EasyReaderNews
20172139,HesperiaStar
1490865258,HighlandNews1
48625268,hollisternews
46702525,HBIndependent
62872266,mydesert
,ledgerdispatch
23222382,JulianNews
139825426,KingsburgRecdr
41429340,ValleySun
60694159,lajollalight
156383222,LJvillagenews
42365537,EastCountyMag
48754487,coastlinepilot
56721145,lagunabeachindy
242569275,TheMountainNews
1120177008,kvsun
20944400,lakeconews
19680385,recordbee
56833229,lincolnnm
15984596,lodinews
152060321,LompocRecord
176509198,GrunionGazette
2563644096,impacto_usa
20496846,longbeachpost
17820493,ocregister
163633469,presstelegram
383114423,RandomLengths
56831153,TheLoomisNews
25118278,latc
52126257,AsianJournalCom
624844033,weekendbalita
393557217,Jobs4Lawyers
,DiaADiaNewsLax
31072476,egpnews
17446621,thr
67457780,hoylosangeles
18513241,ibdeditorials
23102350,JewishJournal
39565067,koreatimes
17718497,LAWEEKLY
28166836,DowntownNews
41416662,LaOpinionLA
2351294292,LAWattsTimes
732902312340000768,LABJcommunity
5513142,ladailynews
25536902,thelasentinel
16664681,latimes
637388035,BeverlyPress
48823671,RafuShimpo
214333242,artwalk_news
17525171,variety
2303885136,WestsideLAToday
2293569877,MadTrib
11707792,malibunews
121600219,TheMalibuTimes
182527131,MamTimes
17200433,mantecabulletin
146137109,ArgonautNews
130570423,MartinezGazette
293792211,mendocinobeacon
52069825,AlmanacNews
186603420,MarinscopeNews
106152317,milpitaspost
8249162,modbee
13134892,MontereyHerald
19172412,mcweekly
,LamorindaWeekly
48624862,morganhilltimes
2332392240,Tolosapress
40943042,mtshastanews
116567967,mvvoice
20558644,NapaRegister
265021324,mattosnews
198566842,ocbizjournal
14239496,marinij
19185368,oakdaleleader
105311202,TheSierraStar
19315665,EastBayExpress
253692401,OaklandPostNews
33340027,OVN
36739057,ivdailybulletin 
102200948,OrovilleMR
180857239,TriCountySentry
614584781,PalisadianPost
18865814,baydailynews
18966724,paloaltoweekly
362119079,PVPeninsulaNews
38023553,paradisepost
72981376,pasindependent
2616203114,pasadenajournal
19415444,passtarnews
83234555,ePasadenaNow
908645388,pasodailynews
2424223741,pasopress
26349151,pattirrigator
18491147,PetalumaArgus
223772388,mtdemocratnews
46704239,PleasantonNews
472472477,PointReyesLight
22118487,recorderonline 
75306293,plumasnews
183422908,pomeradonews
338669725,RamonaSentinel
204581068,rsfreview
68460673,redbluffnews
97622779,breakingnews_rs
48791466,RedlandsNews
25184991,blackvoicenews
,pecom_news
56834815,theplacerherald 
49800751,Community_Voice
28262222,RRToday
75375556,cafarmbureau
23092822,sacbiz
188760481,Capitol_Weekly
69212542,SacGazette
9311472,sacobserver
14411304,sacbee_news
17926257,SacNewsReview
385641462,WSNewsLedger
25122673,sthelenastar
24776576,salnews
1329655081,Cal_Enterprise
36726529,sbsun
745124494931439616,S_C_Times
18687472,asianjournal
19777847,sdnews
24221330,sdbusiness
15920055,SDCityBeat
363222587,clairemonttimes
262790137,sddowntownnews
2696658584,lamesacourier
614854580,LaPrensaSD
743506776474025984,MiraMesaNews
2696731345,MissionVllyNews
69702585,sdreader
1188600084,VoiceViewpoint
123351802,ebarnews
18104715,sfbayview
19560636,sfbusinesstimes
121597316,sfchronicle
54634130,elteco
64781137,nichibei
34700777,sfexaminer
18132494,sfweekly
18387935,metronewspaper
733761852,RGResident
17625154,SVbizjournal
613838639,WGResident
39341752,capodispatch
24214013,newtimesslo
13179562,slotribune
1465457538,SanMarinoTribun
210975338,sanmateotimes
44976030,smdailyjournal
28594289,Pacific_Sun
,UnidosSC
111678731,Miniondas
404596070,SBIndpndnt
40432723,noozhawk
60757383,pacbiztimes
16882281,SCVSIGNAL
89037284,GoodTimesSC
7136152,scsentinel
24033318,santamariasun
18472450,santamariatimes
287327308,britishweekly
143109155,smdailypress
89289264,SMMirror
18691248,nbaybohemian
57264785,NBBJ
16458383,northbaynews
139821185,SelmaEnterprise
136340465,SVAcorn
18057936,sonomanews
39028324,sonomavalleysun
26532180,uniondemocrat
29509437,tahoedailytrib
14609072,Recordnet
32914782,caravannews
1321258892,Midwaydriller
12800852,tahoedotcom
28196039,tehachapinews
200211973,MoorparkAcorn
462382474,TOAcornNews
,ArkEditor
357105223,Messenger90290
14471197,dailybreezeME
,sierrasun_news
599439716,Docddd
61045464,vtdnews
1256204940,TulareVoice
19185307,turlockjournal
633330243,UDJnews
87504672,vacareporter
102107828,vjotimesherald 
36238813,valleycenter
2447793618,VC_Reporter
15292065,vcstar
44212632,VVDailyPress
63807293,RegPaj
48495120,trinityjournal
19312573,sgvtribune
19414861,whittiernews
48143346,wintersexpress
236951091,woodlandnews
62936417,SFVBJ
2165456221,Siskiyou_Daily
1486263372,YucaipaNewsMirr
,wherela
28457505,sandiegomag
131349500,ocstandard
80193589,thesunrunner
,apuclause
20828218,ThePolyPost
16351704,CPMustangNews
15971215,theorion_news
46243682,thedailytitan
,https://twitter.com/daily49er
16191278,dailysundial
17566659,TheStateHornet
25147932,talonmarks
828747327208841216,ChaffeyBreeze
21696369,CCClarion
472323244,the_cuestonian
57466640,cychron
,LaVozWeekly
71365246,FCHornet
,gccelvaquero
73235834,lvcampustimes
47383110,LBCCVikingNews
179815792,LALoyolan
15317770,thecampanil
62851677,CoastReport
59585516,pcccourier
48191052,PeppGraphic
26427495,TSLnews
69674165,saccityexpress
48073090,uofsandiego
23522406,TheDailyAztec
22571858,SpartanDaily
59003455,thesantaclara
23372163,dailycal
30275911,UCBerkeleyNews
21304166,CaliforniaAggie
14930503,NewUniversity
16960002,dailybruin
15984115,ucr_athletics
36594224,UCSDGuardian
15458277,ucsf
624983768,ucsf_synapse
34531479,dailynexus
10772102,ucsc
18652755,dailytrojan
348558832,USDVista
103097161,AkronNewsReport
1927960976,ArvadaPress
228591530,aspendailynews
46177840,TheAspenTimes
29295613,aurorasentinel
52239739,fairplayflume
22489437,berthoudrecordr
18648358,bizwestmedia
15948180,boulderweekly
14522630,coloradodaily
14504258,dailycamera
31908735,BrightonBlade
14522447,bfld_enterprise
103910758,BrushNewsTrib
373455322,ChaffeeCoTimes
103905894,BrlingtonRecord
227386410,ccdr_news
429502012,SoprisSun
24004213,csbizjournal
12837932,csgazette
54121550,csindependent
47010452,southsidebiz
325781532,HighTimberTimes
540352897,TheJournalCo
894404141086277633,craigdailypress
209138950,ColoStatesman
23274387,denbizjournal
8216772,denverpost
70148142,DUS_Tweets
494380280,DenverVOICE
1375434439,LaPrensadeCO
17451031,DENVERWESTWORD
16519670,DurangoHerald
985723544,DgoTelegraph
15690738,VailDaily
297656441,CoHoWeekly
103075501,EPTrailGazette
15691595,coloradoan
103914711,fortmorgantimes
137445528,FowlerTribune
36978283,summitdailynews
2496996247,GlenwoodPI
19594500,DailySentinelGJ
54330083,FencePostNews
15770273,GreeleyTribune
115174689,VillagerDenver
27018040,gunnisontimes
1115008843,The_JT_Breeze
103921629,JlsburgAdvocate
603059797,LaJuntaTD
103056533,lamarledger
215990827,prowersjournal
285872649,northfortynews
776323387,BentCountyDemoc
370914933,leadvilleherald
2873857441,LimonLeader
337441236,ChrisRotar
1230956564,LittletonIndie
20104506,timescall
17141766,reporterherald
124502667,LyonsRecorder
24292383,montrosepress
153474633,SunshineXNews
466170799,ocplaindealer
16017472,highcountrynews
29466736,chieftainnews
38601490,heraldtimes
362564496,TheMtnMail
615380245,SnowmassSun
13100572,steamboatpilot
1160775750,SP_Sentinel
102806255,SterlingJA
259405469,TelluridePlanet
15690738,vaildaily
32488550,WindsorBeacon
24223439,WindsorNow
513872614,TMountainJ
18666851,coskiauthority
2982226612,RMCollegian
246147218,flcindependent
87818432,themetonline
,ucd_advocate
22217634,duclarion
580106273,Berlin_Citizen
3020605048,Zip06CT
193343291,TheBportNews
16233170,connpost
712222846211198976,BristolObserver
1598165124,TheBristolPress
255577048,CheshireHerald
15838036,newstimes
901823270,TribunaCT
493606441,DarienHamletHub
60927740,DarienNews
28206743,darientimes
125988185,EastonCourier
124525847,ffldcitizen
37578208,westfaironline
424561177,Fairfield_HH
110725202,Fairfieldminute
67350803,FairfieldSun
70430533,greenwichpost
40941232,GreenwichTime
216091030,shorelinetimes
268783113,hamdenjournal
76753997,commercialrec
2153135070,GoToCTNow
78525505,hartfordbiz
14708814,hartfordcourant
67367761,SheltonHerald
82144335,JournalInquirer
16312441,Record_Journal 
462332278,thetowntimes
48388653,middletownpress
67364568,Milfordmirror 
67356193,monroecourier
29976138,thewesterlysun
73388665,mycitizensnews
109985001,NewBritHerald
55604811,ncadvertiser
27934849,NewCanaanNews
215029399,lavozhispanact
50183754,newhavenindy
34956062,nhregister
29271212,thedayct
110490947,thelct
20512928,thenewtownbee
398150810,Newtown_HH
2285868259,NorwalkHH
17769598,TheHourNews
19403608,norwichbulletin 
516801690,pvillecitizen
1208500478,ReddingHH
55613102,reddingpilot
66010495,HamletHubRidge
52784231,ridgefieldpress
67360631,ValleyGazette
351136799,SCitizen_News
16583845,stamadvocate
631210105,elsolnews
15013220,Stamford_Times
67347919,StratfordStar
61321048,registercitizen
67353799,trumbulltimes
3390157479,CTCommunities
286225494,WtbyObserver
17369431,rep_am
550461471,whvoiceads
56477388,westonforum
339678947,Westport_HH
110720391,westportminute
124524837,wptnews
17948831,WestportNow
68432208,wiltonbulletin
285047326,hh_wilton
15030677,wilton_villager
,WinstedJournal
16257027,milfordliving
297462874,NCDmag
583819900,berkshiremag
32602636,stamfordplus
23607273,connecticutmag
,moffly_media
16055731,TheRecorder
26428341,thecollegevoice
403757520,FairfieldMirror
44445991,Southern_News
84327770,uconn
146237229,Theubscribe
191699093,The_DailyCampus
,uhainformer
73249341,wesleyanargus
508249806,yaleherald
39114551,YaleDailyNews
1020260742,ambazaarmag
176855088,dcspotlight
9300262,politico
15922214,ROLLCALL
1917731,thehill
28614262,townhallcom
15945641,WBJonline
14437161,wcp
27703934,washexaminer
2467791,washingtonpost
14662354,washtimes
7782542,metroweekly
14238142,washingtonian
14467460,TheEagleOnline
18263820,gwhatchet
63314984,thehoya
19624983,GtownVoice
3458832856,thehilltop
234904800,TheStateNews
25136092,Doverpost
47234908,Sussex_Countian
50426819,CapeGazette
17366527,TranscriptMOT
197543708,MilfordBeaconDE
33086126,nwkpost
25082438,coastalpoint
184975309,DECoastPress
281657680,scsuntimes
14307764,delawareonline
50144015,delawaretoday
42771391,udreview
29447487,UDelaware
243378679,ApalachTimes
50003448,communitypapers
51370388,tbnwebmaster
376992537,BocaBeacon
405040895,DelrayPineapple
191124644,HappyHeraldNews
95929092,bocatribune
10424112,ndn
19344401,bradentonherald
14247572,TBOcom
19675112,OspreyObserver
42237444,cedarkeybeacon
41825409,News4Levy
328834734,chipleybugle
12699932,sunsentinel
48382055,TheWakullaNews
93963954,cnbulletin
35016478,CitrusChronicle
11054902,dbnewsjournal
35795271,beacononline
132364309,destinlog
23632864,SFBJNews
31017619,FloridaWeekly
14089276,thenewspress
3995172382,island_paper
18457416,tcpalm
8795782,nwfdailynews
8737662,TheAlligator
16297945,gainesvillesun
222132843,gulfbreezenews
21874587,JaxBizJournal
15572679,jaxdotcom 
42888846,folioweekly
32533893,JaxDailyRecord
43178691,KeyWestCitizen
34297914,OsceolaNews
16233017,theledger
28395172,dailycommercial
59147935,LehighAcresCit
340504310,LehighAcresGaze
32069292,suwanneedemocra
32485738,BakerCoPress
42935684,hometownjournal
15163708,marconews
97717795,margatenews
27218535,jcfloridannews
73538655,JCTIMES
17001533,florida_today
34641036,elnuevoherald
14085040,miamiherald
16861311,MiamiNewTimes
406974565,TheMiamiTimes
57656488,MiamiTodayNews
20457696,Miamicom
105234949,srpressgazette
22716962,navarrepress
36948979,OcalaStarBanner
30249337,claytoday
20629957,objupdate
1429761,orlandosentinel
605531775,TheOrlandoTimes
17446277,ORLANDOWEEKLY
27041654,ShinySheet
19216918,NewTimesBroward
15736836,pbpost
16636924,The_News_Herald
14834379,pnj
121533670,TheRecorderPV
507495968,CharlotteSunFla
242910659,PSJ_Star
18457416,TCPalm
46375072,staugrecord
14304462,tb_times
19671375,SanfordHerald
59150849,CaptivaSanibel
246844355,WaltonSun
112487649,BizObserverFL
6942422,heraldtribune
111123725,ObserverGroup
29283211,TheNewsSun
15822299,TDOnline
454850535,daytonatimes
265777578,flcourier
17129404,TBBJnewsroom
1470589358,Villages_News
1395181249,VeniceGondolier
1160968735,PWMonthly
48732959,towncrieronline
235694781,DiarioPalmBeach
29468502,newschiefweb
169154152,iwantaBUZZ
87267905,floridamonthly
46135936,FL_Sportsman
1488080706,FLTravelLife
56113927,resident321
467946364,TFamuan
28627312,upressonline
1650718975,betweentampa
118512120,FSView
122310259,FTCrimson
34125658,UCFnews
8737662,thealligator
12956712,MiamiHurricane
23632423,USFOracle
262412005,Minaret
16398730,UNFspinnaker
210679476,Albany_Herald
114583777,thealmatimes
107207541,NeighborNews
4919841,northfulton
57334881,WiregrassFarmer
14935240,onlineathens
23628802,atlbizchron
714764250,adwnews
4170491,ajc
199252851,theatlantavoice
75277551,Reporter_News
14194036,cl_atlanta
107210395,DeKalbNeighbor
154167378,ELNUEVOGEORGIA
14616304,dailyreport
22541401,LikeTheDew
29778623,MundoHispanico
22220447,AUG_Chronicle
1954490168,TheMetroSpirit
18137042,postsearchlight
22074820,waltergeiger
107207541,neighbornews
31492829,blacksheartimes
8942262,newsobserver
1151287537,timesgeorgian
1223040998,Brunswick_News
399024035,TheFloridaStar
90976305,CalhounTimes
336144452,CherokeeTribune
15537849,StarNewsOnline
1151287537,TimesGeorgian
199010159,dailytribnews
2976826756,ClaytonTribune
14882842,ledgerenquirer
231883981,rockdalecitizen
84102858,covnews
471990351,newton_citizen
138450130,forsythnews
43330472,thedailycitizen
28837048,mcjournal
121865456,dawsonnews
17685047,CRNews_DeKalb
774482057598754816,championNews
339119719,DglsEnterprise
33384894,douglassentinel
47427241,courierherald
244594745,dunwoodycrier
2472760855,theMSGR
456030236,TimesCourier
42388488,thecitizencom
27058199,gtimes
1225937292,GriffinDNews
35737246,coastalcourier
140055121,ClinchCoNews
1728918818,My_JPA
47195109,pickensprogress
264164599,brightsidenews1
117447598,CatoosaWalker
169699740,lagrangenews
314877608,GwinnettCitizen
31123165,GwinnettDaily
12704612,telegraphga
467728572,MorganCitizen
85329284,mdjonline
21274281,ColumbiaCounty
39510268,unionrecorder
73103059,waltontribune
3171060136,themobserver
16445311,TimesHerald
611734890,hhjnews
217469130,PowderSprgsNews
67687282,bryancountynews
111680656,EffinghamHerald
21315772,romenewstribune
6313192,ConnectSavannah
9164672,savannahnow
616346759,Savannah_Herald
322748979,thesavannahtrib
34957548,ConnectBoro
22811513,boroherald
21588008,TheSvilleNews
2821961510,emanuelcolive
120028102,timesenterprise
1249962008,TiftonGazette1
24713181,TheVDT
1513355263,WWNewsReporter
353772009,TheOEnews
27677289,BarrowCntyNews
138194061,Barrow_Journal
15230705,discoveratlanta
52161492,savmag
26867350,georgiamagazine
19022786,exploregeorgia
30774215,TowneLaker
26306540,emorywheel
21969143,GCSUnade
28835000,TheGeorgeAnne
58389888,gsusignal
16024039,the_nique
20803734,ksusentinel
22385426,scaddistrict
,TheStingSPSU
775938918646550529,UGACOLUMNS
15587639,redandblack
15675316,vsuspectator
297686425,HITribuneHerald
227133998,thehawaiiherald
23564573,hawaiireporter
212350908,hawaiistar
104389564,civilbeat
126424795,staradvertiser
22874714,midweekhawaii
23663732,pacificbiznews
115466478,westhawaiitoday
26126881,thegardenisland
58544650,TheMauiNewsHI
218369497,alohamag
26403494,kealakainews
132279035,KaLeoOHawaii
35019946,DallasCoNews
119199449,akronht
125684465,ButlerCountyTJ
281576906,HeraldIndex
436884418,AmesTribNews
601334117,JournalEureka
301547241,NewsTelegraph
344719254,BettendorfNews
95720152,bdemo1
80951230,newsrepublican
117491592,BCTrib
15085181,thehawkeye
2864361173,calmarcourier
14370739,gazettedotcom
43950445,dailyiowegian
98489502,CCPress
499946662,ClarindaCHJ
1249297748,WCMonitor
480912897,CLReporter
44433231,ClintonHerald
48716479,nonpareilonline
10613072,qctimes
17749447,RCReader
13657922,dmregister
67374305,telegraphherald
117490160,eaglegroveeagle
58546735,EsthervilleDly
89558668,Messenger_News
28990883,dailydem
77337860,GrundyReg
78674598,hamptonchron
3329216232,IdaCoCourier
281298945,IndianolaTrib
21877818,presscitizen
1688480862,TimesCitizen
1247228114,KanawhaReporter
309202927,dailygatecity
84412649,keotaeagle
45711888,progressreview
124546616,GraphicAdvocate
310462091,lmgeditor
17023645,lmdsentinel
188481249,CalhCoJournal
76508902,marshalltowntr
121231327,globegazette
219380258,montiexp
236909902,MPNewstweets
80333171,journalonline
266237404,NevadaJournal
2752696471,NHTribune
125422305,newsharonsun
719046103,NewtonDNews
733708079728975872,NLleadernews
1247317488,OgdenReporter
64288569,CapDemo
376859258,OskyHerald
19031717,OttumwaCourier
370709139,PellaChronicle
3153282168,ThePerryChief
125383937,sheffieldpress
4855040201,NWestIowaREVIEW
1596414373,ValleyNewsToday
115698155,sigourneynews
12663042,scj
378239912,SolonEconomist
2340986982,SpDailyReporter
326177441,DickinsonCoNews
1109441546,MidIowaEnterpri
2377274767,SLPilotTribune
42892765,sltimes
58870935,TamaToledoNews
18218604,wcfcourier
531382943,wavnewspapers
58525782,FreemanJournal
1202199205,WBTimes
391481716,WLINDEX
28639935,iowafarmertoday
1525051118,okobojionline
16788948,Travel_Iowa
824831006796574721,thetack
70567895,TimesDelphic
21555437,thesandb
15832179,iowastatedaily
,communiqueksp
72186333,SimpsonianSC
15925848,TheDailyIowan
770468660,NorthernIowan
,WartburgCircuit
8292702,Boiseweekly
16043218,IBRnews
8980312,idahostatesman
3934221,spokesmanreview
87033578,tetonvalleynews
29769106,clarkcorbin
84655479,IdahoMtExpress
29625151,kunamelbanews
18012631,lewistontribune
52083750,mpdailynews
18087829,IdahoPressTrib
65682011,IdahoStateJ
25596437,uvsj
33584998,DailyBee
133816716,twinfallstn
637184541,idahofallsmag
16560899,visitidaho
1247001152,IdahoMag
30414181,snowest
30042396,spudmanmag
3392401,arbiteronline
41413147,byuiscroll
565213710,isubengal
76890626,ThePioneerLog
45021105,nwnazarene
104002962,uiargonaut
58490366,MySuburbanLife
15663103,altontelegraph
2598369368,gazettedemocrat
8960722,dailyherald
14391192,beaconnews
2377355617,CassStarGazette
15670006,bellevillenewsd
18874087,Pantagraph
762661016,buffalogroveppn
364444851,ChronCambridge
882849601,CantonLedger
18200760,thesouthern
846002108,carmitimes
16826147,news_gazette
123673439,jgtconline
37051661,AustinWeeklyChi
385994164,BevRevNews
19005345,bulgariasega
214159640,CrusaderNewspap
160596522,ChiDefender
16104602,chicago_reader
17543416,ChicagoReporter
12811952,suntimes
7313362,chicagotribune
18148466,CrainsChicago
1377584916,Dzwiazkowy
19541165,ExtraNewspaper
74961830,FraNoi
138565725,HydeParkHerald
400456060,India_Bulletin
551454219,Irishnewschgo
41417783,larazachicago
,https://twitter.com/News_Lawndale
2348821724,NadigNewspapers
16381558,redeyechicago
177318459,ReflejosNews
,vivelohoy
30284449,WindyCityTimes1
18703718,dailysouthtown
3290363160,ClintonJournal
20787622,NWherald
21784801,commercialnews
8880952,heraldandreview
762697322,DeerfieldReview
17429521,daily_chronicle
18093695,saukvalley
18560313,eastpeoriatimes
43983462,theedwi
286513965,EDNSports
35804289,ELBURNHERALD
18773778,couriernews
314032551,ElkGroveJournal
16831293,elm_leaves
755747971,Evanston_Review
2249974361,EvRoundTable
236263968,FP_Review
39607855,FrankfrtStation
759937597,FranklinPark_HJ
22954663,journalstandard
2798773774,GalenaGazette
17041697,galesburg
1027042704,galvanews
873890852,gen_republic
18874087,pantagraph
763795381,Glencoe_News
102703446,JournalGV
241182052,GlenviewLantern
298899447,CNHNews
2327677639,HParkLandmark
760750244,HighlandParkPPN
1112736205,JournalNewsIL
16659634,Doings_Hinsdale
730464717198786560,TheHinsdalean
19454716,HomerHorizon
22339298,journalcourier
216794222,jcjnews
102446961,Joliet_HN
14873724,tdjnews
33902769,newstrib
762677719,lake_forester
760785061,lz_courier
762764516,libertyvillePPN
770099005,Lincoln_Courier
760644182,LincolnwoodNews
263222022,LockportLegend
828294864,McDonoughVoice
2593142654,Mahomet_Daily
31900907,DRNewsOnline
84108007,MetroplisPlanet
39778257,MokenaMessenger
50000303,dispatch_argus
794109384,ReviewAtlas
351726959,MorrisHerald
50749114,MortonTimesNews
619668289,mg_champion
36528086,mvrn
760764523,mundeleinreview
17974880,NapervilleSun
39607917,TheNLPatriot
858253806,NewsJasper
619616131,NilesHSnews
28146868,Buglenewspapers
1315851828,NilesJournal
760664437,norridgeHH_news
755783828,Northbrook_Star
512242904,NorthbrookTower
14327874,OakLeavesNews
121820535,oakpark
858283411,NewsOlney
349627218,OrionGazette
38252658,opprairie
72646689,mywebtimes
128608111,theregionalnews
301218492,ParkRidge_HA
155695119,PekinDailyTimes
83490391,bradleyhoops
17800696,pjstar
216796136,PikePressNews
974261479,PlainfieldNews
774342162,TheDailyLeader
63720288,WhigNews
759955015,RF_forestleaves
293129700,RBLandmark
121785094,robdailynews
50664589,RockRiverTimes
14026372,rrstar
20458841,kcchronicle
50314717,StJosephleader
762701472,skokie_review
60678378,ILTimes
13604262,sjrbreaking
609379481,NewsProgress
249243484,BreezeCourier
38739280,TinleyJunction
196735058,countyenews
762682232,vernonhillsPPN
887593220,WaTimesReporter
100800817,republictimes
57244077,timesrepublic
16888532,newssun
172784795,WilmetteBeacon
763767738,Wilmette_Life
237473889,WinnetkaCurrent
758319330,Winnetka_Talk
372395560,WoodstockInde
127613560,TheReporter1
2450071958,KCRNewspapers
27093830,chicagoparent
243622838,golfchicagocom
2952280554,ILCountryLiving
60678378,iltimes
17095421,CCChronicle
185038486,TheDePaulia
17891794,den_news
490832603,TechNewsIIT
46752026,The_Vidette
16670675,NIUNorthernStar
23012995,thedailynu
27935501,dailyegyptian
38120609,thealestle
19472759,ChicagoMaroon
19206905,thedailyillini
24011759,uicnews
252794721,WCourierNews
25127854,kpcnews
18562065,heraldbulletin
21316821,theheraldtimes
22018889,newsbanner
596738953,thebraziltimes
25350267,jcbanner
461404659,CI_Carmel
1255082786,ChestertonTrib
78089653,busconews
1058562577,ThePostandMail
40665170,therepublicnews
609142275,CNewsExaminer
21317486,corydondemocrat
21602955,journalreview
20267772,elkharttruth
8685652,courierpress
461742914,CI_Fishers
30047641,fwbusiness
523517226,frostillustrate
69397283,JGfortwayne
18999197,newssentinel
78524348,WaynedaleNews
29725380,ftimes
158366063,DailyJournalNet
981106160,ELPUENTENEWS
52727059,YourGoshenNews
20599886,GreenfieldDR 
2165273946,GreensburgDaily
258070707,hcnewstimes
436869986,theheraldpress
24710700,IBJnews
127907578,IndyRecorder
16550142,indystar
18315720,nuvo_net
32123518,southsidetimes
423008274,SouthsiderVoice
,TheGayWord
58882026,DuboisCoHerald
20624714,newsandtribune
26179262,ktownbanner
556235686,kokomoherald
61197546,KokomoNews
83858948,kokomotribune
1311211933,HeraldArgus
11775782,jconline
66487356,lebanonreporter
103294432,pharostribune
17998717,madisoncourier
77934202,Marion_CT
1854697670,r_t_news
18635613,posttrib
36559326,TheNewsDispatch
36689755,thehj
1876580928,MDTnews
391663407,muncievoice
48050142,TheStarPress
5508672,nwi
16203508,bcdemocrat
22229503,TheCourierTimes
462061005,CI_Noblesville
41442263,TimesPost
1435745762,PeruTribune
231253495,TheHCFlyer
245465467,commreview
106431967,pdclarion
36678765,RensselaerNews
14934038,pi_news
185352459,newstoU
211594839,Rush_Republican 
2301617706,SalemLeader
299684943,seymourtribune
458440520,ShelbyvilleNews
20528760,SBTribune
561603779,SullivanINTimes
10910072,tribstar
582097169,paperofwabash
460238908,WabashPD
38506637,tuonline
63516513,washtimesherald
214337290,CI_Westfield
257017947,newsgazettewc
462314204,CI_Zionsville
104504069,zts1860
16472929,IIB
1289499836,inspiredkidmag
20212140,thehypemagazine
151141197,Ryder_Films
95484707,andersonian
12580532,bsudailynews
66724123,butlercollegian
35266302,TheDePauw
66246061,GCRecord
243805570,ISUstatesman
21922584,idsnews
,ObserverNDSMC
29137937,purdueexponent
,PUCChronicle
488093279,TheEcho_Taylor
65686324,WabashCollege
42887480,atchisonglobe
55033850,BCtimesgazette
19349026,baldwincity
404370365,CCNewsAdvocate
462226175,BTelescope
435343215,ChanuteTribune
143580934,TimesSentinel1
421227965,Star_Argosy
24015963,DerbyInformer
18720830,dcglobe
106776691,HighPlainsJrnl
23545862,emporiagazette
525626080,FSTribune
792058728,GSentineltimes
17161751,gctelegram
1055639754,GB_Tribune
20632380,HaysDaily
27051089,RecordTime
394294850,HoltonRecorder
17074295,HutchNews
20632682,iolaregister
88712640,thedailyunion
20520192,kckansan
14955722,KCStar
6894852,ljworld
46146563,fortleavenworth
378185142,LVTimesNews
37956738,louisburgherald
45692831,MERCnewsroom 
247625315,marionrecord
,MarysvilleTweet
40899095,macsentinel
1390119254,ClarionPaper
357715086,ChadFrey
48449654,OsageCounty
37957792,osawatomienews
36162570,oheraldnews
37955674,micorepublic
494367490,ParsonsSun
15050952,The_Morning_Sun
44458614,pratttribune
1692048050,sabethaherald
17079621,salinajournal
19349842,shawneedispatch
19349914,tonganoxie
24817859,CJ_news
65466285,arkvalleynews
18027152,wgtndailynews
,voiceitwichita
19519945,ICTBizJournal
12807482,kansasdotcom
35131348,winfieldcourier
48786076,esubulletin
1670875057,TigerMediaNet
16870352,kstatecollegian
378167619,PSU_Collegio
44434255,sunflowernews
3129475504,DIndependent
309829287,mtnadvocateky
15524670,bgdailynews
346760431,thecadizrecord
475129843,cknjnews
1694618454,Adairvoice
1923870288,AdairProgress
137443650,cwnewsjournal
69028657,TimesTribuneKY
345810161,theRCnews
312717485,CynDemo
19666140,amnewsonline
175388437,NEheadlines
17872391,statejournal
2269418930,franklinfav
105496586,NewsGraphic
39091971,GDTKYnews
547132107,thejournaltimes
2533349580,HarlanDaily
478769163,HburgHerald
128883595,HazardHerald
301040105,TheGleanerNews
122575134,kentuckynewera
19451841,TheOldhamEra
297606988,LEnterprise
37933559,gcnewsgazette
15175636,bizlex
11612722,heraldleader
18805744,BFLouisville
7972552,courierjournal
42625595,TheVoiceTribune
50729900,MessengerOnline
21608463,CrittendenPress
104305554,LedgerNewsroom
624744754,DailyNewsSEKY
546198088,TheMoreheadNews
48797197,murrayledger
24101061,thejj
20165195,owensboromi
23076143,PaducahSunNews
109057359,AppalachianNews
114456845,floydcotimes
65287702,RichmondRsports
105544125,ctimessville
253312773,TheSentinelNews
3244956253,LivingstonLedgr
2742551030,CJSomerset
28492990,readthesun
558813185,NewsAtTheIJ
1374734084,lcherald
237429915,grantcountynews
26005472,winchestersun
324943692,ChevyChaserMag
322841037,SouthsiderMag
,louisvillecom
21455084,brcmagazine
,TheCatsPause
229175214,KentuckyMonthly
86790946,asburycollegian
,TheConcordBU
168966131,easternprogress
169639228,MurrayStateNews
23306489,northernermedia
41463945,kykernel
34655333,TheCardinalNews
14193764,wkuherald
29523826,TownTalkDotCom
273085427,DailyEnterprise
328253593,2theadvocate
23475372,brbizreport
48477881,BossierPress
236136055,CPS_NewsUpdates
356242849,LPNews1898
62907247,beauregardnews
41454379,dvillechief
40416949,WeeklyCitizen
150805597,hammondlastar
16638552,houmatoday
15161625,theadvertiser
19084580,americanpress
60624220,LDLeader
34374919,thenewsstar
34482360,City_Business
342831748,clarionHerald
13590162,The_Gambit
14192680,nolanews
1480338367,The_Daily_World
2693642942,ThePostSouth
26069630,WestSideJournal
2243215728,Thecreole_com
201420429,RustonLeader 
17870317,shreveporttimes
322794494,SulphurNews
24214113,dailycomet
995338166,OuachitaCitizen
,TheFranklinSun
473352350,LALifeMag
15537227,louisianatravel
19364233,offbeatmagazine
,sb_magazine_
64742646,SBForumNews
240299179,DigBatonRouge
15248649,lsureveille
95693369,thetechtalk
9746042,Loyola_Maroon
105527919,NichollsWorth
357644269,lionsroarnews
38090456,SouthernDigest
19752025,the_hullabaloo
77280809,thevermilion
11178352,WickedLocal
8754862,actonbeacon
241213814,amesbury_news
1160879815,AndoverTownsman
18776869,the_advocate
26262890,thesunchronicle
3428422540,NashobaValVoice
43032557,capenewsdotnet
191658586,countrygazette
17238367,citizenherald
140853836,BeverlyCitizen
16684965,BosBizJournal
95431448,BostonGlobe
2488541,bostonherald
41609621,BostonIrishRptr
268422006,BostonAngela
14857525,csmonitor
476105634,dotnews
313045596,ELMUNDOBoston
82103906,ElPlanetaBoston
372464819,SampanNewspaper
19033755,ttranscript
394826748,braintreepaper
1115045234,BwIndependent
15513778,enterprisenews
17393831,BrooklineTAB
31120198,burlingtonunion
14278568,cambridgechron
1460595434,CantonCitizen
764095214,CantonJournal
102672979,carverreporter
106230747,CCCNewsroom
8754902,chelmsfordindep
375124368,TheReminderMA
36765616,cohassetmariner
8754832,concordjournal
1158286766,DoverSherborn
40309270,duxburyclipper
1109809777,EastonJournal
97021713,vineyardgazette
241217533,capeann_beacon
19777553,hnnow
488705256,Ojornal1
91374978,sentandent
191658586,CountryGazette
2349014065,FoxboroReporter
1172808066,framinghamtab
17350589,GtownRecord
210862462,GDTnews
28611646,graftonnews
2409551936,BerkshireRecrd
274153743,TheRecorderNews
19303275,hwchronicle
36967877,hanovermariner
101272306,ValleyAdvocate
36768094,hinghamjournal
394835326,holbrooksun
140919032,thelandmarknews
132235576,HopkintonCrier
458113653,TheHudsonSun
2214675816,BarnPat
16381061,capecodtimes
241223988,ipswich_chron
101280492,kingstonreport
18480451,EagleTrib
1240033548,LeominsterChamp
17519427,wickedlocallex
79186359,LowellSunNews 
986857034,valleydispatch
18672012,itemlive
831526114954723328,maldennews
19400588,maldenobserver
1101717944,MansfieldNews1
21329520,mheadreporter
458111726,marlenterprise
36967948,marshfieldpaper
102677208,tritownsentinel
40018496,thewanderer
8754912,beaconvillager
91202469,MedfieldPress
241227728,medford_trans
18807864,MelroseFreePrss
22059338,milforddaily
138077736,millburysutton
1671409176,MiltonTimes
56391916,MHGazette
105187378,InkyM
17367189,needhamtimes
7542802,southcoasttoday 
8861452,newburyportnews
241228661,newburyport_cur
89271025,NAndoverCitizen
20459018,NortonMirror
59137509,dedhamtranscrip
59167322,NorwoodTranscri
18453902,pembrokenews
24745038,berkshireeagle
20914075,OldColony
635515468,ptownbanner
15005770,patriotledger
603039705,Randolph_Herald
1115114300,RaynhamCall
48735183,readingadvocate
70521534,RevereJournal
8861262,salemnews
19455868,Saugusnews
36974424,scituatemariner
20259433,sharonadvocate
16032913,VilleJournal
18433491,somervilletimes
19729105,StonehamSun
17847135,SudburyCrier
241231537,swampscott_rep
114490264,TauntonToGo
151566654,TewksburyNews
402738559,editortowncrier
108348597,TheMVTimes
20057510,WakefldObserver
109345484,TheWalpoleTimes
165571907,walthamnewstrib
14332314,warehamcourier
25123666,ArmenianWeekly
18242076,watertowntab
1180294070,WaylandCrier
25352088,wellesleytown
282729947,bannews
321542010,CommunityAdNews
493431554,WestboroughNews
156867500,Westford_Eagle
1180303182,WestonCrier
91202763,WestwoodPress
394820281,weymouthpaper
52141644,woburnadvocate
15610400,telegramdotcom
18256822,wbjournal
14420767,BostonMagazine
15006177,StuffNightlife
28631662,capecodlife
78665976,thelionessgroup
22982927,baystateparent
1321282874,hceronline
26070005,theimproper
30215703,tweetnewengland
,BabsonFreep
27737473,bcheights
19554288,dailyfreepress
19636544,thejustice
209147197,BeaconUpdate
16626603,thecrimson
88107741,harvardindy
,TheHCCrusader
28937654,thetech
58987862,huntnewsnu
23682838,SuffolkJournal
16876049,tuftsdaily
349240894,williams_record
16687357,WPI
496078055,BayWeekly
22952419,capgaznews
18018782,afronews
15794057,BaltBizOnline
16439779,city_paper
8861752,baltimoresun
241622603,baltimore_times
16312540,mddailyrecord
483602386,BaltPostExam
216008421,HarfordAegis
147645046,BaysideGazette
979110254,DorchesterStar
79266480,BaltCoSun
617751091,GuilfordGazette
351704053,CumberlandTN
94164805,TheDundalkEagle
373990589,stardem_news
17809431,CCTNews
88002682,cecil_whig
845568691,TheAvenueNews
134198701,eastcountytimes
26000876,frednewspost
30239668,heraldmailnews
167064891,laurelleader
78111823,SoMDNews
44393729,mocosentinel
519682873,MyDelmarvaNow
290798785,TakomaVoice
,BottomLineFSU
77615964,JHUNewsLetter
166176306,loyolagreyhound
15276163,TheTowerlight
36003748,thedbk
,retrieverweekly
15345320,kj_online
16952739,bangordailynews
16808289,themaineedge
2308902414,CoastalJournal
119377275,republicanjourn
505995840,TheCourierNews
368995325,JournalTribune
262697431,BBRegister
296824622,MidcoastNews
822143041,TheCalaisAdv
1012121071,KnoxVillageSoup
3900534569,lcnme
384509378,EllsAmerican
384837363,TheMDIslander
17967025,the_forecaster
569205703,kennebunkpost
321511831,YorkCountyCoast
8729092,sunjournal
299738180,twincitytimes
2899666541,machiasnews
1257669091,threeriversme
193329517,AdvDem
15866174,Mainebiz
8859092,pressherald
52167290,maineinsights
52798845,InTheSentry
15346572,onlinesentinel
2427793422,AmericanJrnl
4638661522,WindhamEagle
632936203,WiscassetNews
321545100,TheYorkWeekly
1060852626,LewAubMagazine
88676174,MagazineofMaine
24068888,maineboats
57712688,MaineGuides
79088927,bowdoinorient
76803198,thecolbyecho
23494584,usmfreepress
17301273,themainecampus
67687575,lenaweenews 
50786932,TheAlpenaNews
26005689,annarbornews
117532371,lakecountystar
15661507,bcenquirer
16926081,baycitytimes
113110626,bigrapidsnews
,BhmEccentric
3126833282,BBEagleNews
77578900,bcgazette
26736795,CadillacNews
151567874,cassopolisnews
177330305,ChxCourier
342450067,mihomepaper
115517580,pressandguide
29209404,crainsdetroit
8795772,freep
16543775,detroitnews
69058175,LatinoPress
15432119,metrotimes
19924057,dowagiacnews
33593050,TheDailyPress
25364651,tctimes
3126846325,WoodwardTalk
9762482,flintjournal
117532697,recordpatriot
40864512,candgnews
15281952,speerjt
17594045,ghtribune
30311580,grbj
14399160,grpress
105244702,grtimes
38681688,MiBiz
62819900,greenvilledn
1433151222,GPNEWSpaper
103052212,harborlightnews
18085094,OceanaHJ
370965173,HillsdaleDaily
14531956,hollandsentinel
14887893,LSJNews
38482730,TheDMG
26529088,livingstondaily
615305431,TriCityTimes
61292135,IoniaSentStand
33592330,imdailynews
1299570253,GCHeraldsports
16926310,jacksoncitpat 
13482642,kzoo_gazette
335444957,LakeOrionReview
14887893,LSJnews
1632926671,LudingtonDN
581205711,macombchronicle
3130519320,MadisonParkNews
113108565,manisteenews
20115787,PioneerTribune
16011049,MiningJournal
26656498,mdn 
18951045,monroenews
116544702,macombdaily
67600528,MPMorningSun
16926232,MuskegonChron
19922189,nilesstar
552016600,theoxfordleader
14461836,petoskeynews
1061877517,SunTimesSports
20090273,TheOaklandPress
15076670,thetimesherald
117532018,theheraldreview
124161387,dailytrib
3127693016,RoyalOakReview
14384452,saginawnews
1553540574,SCSSentinel
34591573,heraldpalladium
620541682,thesalinepost
1329194378,SooEveningNews
329830871,shelbyuticanews
3127069178,SouthfieldSun
112819859,NewsHeraldMI
67417437,ArenacIndy
468715932,SterlingSentry
552834522,sturgisnewsroom
24188915,TecumsehHerald
27644391,threeriversnews
26518175,recordeagle
415732742,TroyTimesCG
115440615,advisorsource
3131031319,WarrenWeekly
12952842,mlive
3130664118,WBBeacon
28572823,WLBeacon
30312328,grmagazine
92312368,MIOutOfDoors
28424453,michiganmagazin
34720438,mynorth
795475022714404864,PleiadOnline
755188010,CalvinChimes
16099818,CMLIFE
17327335,theeasternecho
46650151,FSUTORCH
25644870,GVLanthorn
21241606,HDaleCollegian
16019697,thesnews
22182982,MTULode
19209460,theoaklandpost
11735652,michigandaily
103134591,michiganjournal
64748024,TheSouthEnd
72370276,WesternHerald
563859097,aitkinage
19345926,altribune
15427349,echopress
18640592,abcnewspapers
16298634,SunThisweek
19345587,austinherald
111430857,bpherald
15427388,bemidji
65736329,SunCurrent
17910020,brd_dispatch
39580590,caledoniaargus 
39589561,isanticonews
94449191,BeaconCF
19679080,ChanhassenNews
14096094,chaskaherald
97801777,quadpress
15427417,pinejournal
15428725,swcbulletin
749348671,CrookstonTimes
508920329,DLNewspapers
2877099849,DuluthBudgeteer
15427561,duluthnews
50162833,duluthshipping
13783152,edenprairienews
26040532,EdinaSunCurrent
39756805,starnewsmn
152908024,TomCoombe8
58542800,TheSentinelMN
11339192,FboNews
20165998,journalnewsroom
3247687974,BentonCtyNews
31204304,FLLowdown
39545164,forestlaketimes
197134056,grheraldreview
,morrissuntrib
15427925,hastingsmn
233698422,HibbDailyTrib 
115492293,hutchleader
64299454,ifallsjournal
70672152,mlacsmessenger
28205339,jcpilot
19410993,theji
2767556450,HouCoNews
48486479,Litchfieldnews
33922483,recordreport
22147610,Mankatonews
39754879,millelacstimes
19075308,mspbjnews
21158274,citypages
15723911,businessmn
28644072,insightnews
1002361219,MNSpokesman
16687236,swjournal
17348525,StarTribune
16746088,thejournalmpls
747352502,MontevideoNews
3431840823,MessengerMonty
2496468475,KanabecTimes
50053152,lillienews
3261818053,newpraguetimes
58790182,TheJournalMN
39521840,postreview
22049403,NorthOaksNews
78945826,newsnorthfield
378669161,theosakisreview
185640594,OwatonnaNews
1038159361,pp_independent
896539556,PvillePress
249845334,PineCityPioneer
126387964,pipestonestar
412394604,FillCoJournal
331696739,UnionEagleNews
19819747,PLAmerican
15224302,PB_News
118809455,tricountyrecord
15650827,sctimes
1377404953,SJPlaindealer
15926431,pioneerpress
2842646870,SaukHerald
20823691,SavagePacer
19405507,shakopee
119480839,shoreviewpress
542091092,SleepyEyeONLINE
2364303576,stillwgazette
260762878,tylertribute
115671438,Hometownfocus
633217791,MesabiDailyNews
3345895018,waconiapatriot
633304248,pilot_walker
37479195,wasecanews
16102785,WhiteBearPress
15429080,wctrib
19304488,WinonaDailyNews
21226437,hjnews
15429115,woodburymn
15429154,dglobe
22299333,accesspress
78156925,ConcordianPaper
30582302,gustavianweekly
87526792,HamlineOracle
77564168,themacweekly
118814073,MSUREPORTER
248812885,UniversityChron
78993780,manitoumess
17058614,mndailynews
52159305,BruceJournal
1004589937,AAdvertiser
47440219,BethanyClipper
48747323,bhfp
29519974,BvilleDailyNews
20592709,TheBGT
223935500,bransontln
1069096818,LinnCoLeader
69433229,LakeNewsOnline
14144549,semissourian
19413479,carthagepress
3438906494,bc_advertiser
1454418326,CassvilleDemo
20593576,FiresideGuard
868727474,midriversnews
1007308267,ctnews_mo
14600977,columbiatribune
15533253,CoMissourian
1208599058,ThreeRiversPub
386595854,ElDoradoSun
399460871,EldonAdvertiser
20593149,ElsberryDem
22027252,dailyjournalmo
203616641,fultonsun
231918342,octimes
381261124,CaldwellCountyN
17375039,hannibalcourier
20593413,TheHAC
21540194,houstonherald
136710052,EJC_Examiner
29539256,NewsTribune
24610862,JoplinGlobe
2332132615,joplinrbj
25505788,KCBizjournal
94593143,2mun2news
580037830,IngramsMagazine
19684235,TheFastPitch
37952291,kearneycourier
2325795967,DailyDunklinDem
356374174,KVDailyExpress
208055275,The_Lake_Today
3303239733,LamarDemocrat
295863836,LDRnews
1934599051,LS_Journal
24066714,LSTribune
37950362,libertytribune
20592912,TheLPJ
348562707,marshallmonews
353756227,MfieldMail
838133898,wcrnews
169947445,TheDailyForum
63780009,NodawayNews
40292931,memdemnewspaper
1009728108,MoberlyMINews
974151680,MonettTimes
448912434,LakeGazette
2333871108,moundcity_news
29483304,neoshodailynews
1931436277,NevadaDailyMail
38261393,HeadlinerNews
577123847,GCRepublican
517817437,PalSpectator
45653560,ivanfoley
406598119,TheLeaderMo
59487038,darsports
,raytowneagle
86960390,richmondmonews
468745733,RollaDailyNews
28594128,newspressnow
33264843,scanews
17448965,RiverfrontTimes
19037491,SoCoTimes
89680611,StLouisAmerican
111995835,stlBizJournal
6039302,stltoday
2927641922,SteGenHerald
196787832,SedaliaDemocrat
37951487,smithvillenews
19738507,sbjnet
20624061,springfieldNL
59152250,CedarRepublican
463652608,TiptonTimes
20593255,lincolncounty
20593650,VandaliaLeader
29737277,Emissourian
18953338,wktimes
2339699719,wpquill
16834101,columbiabiz
21437452,Inside_Columbia
775239046305976320,417_magazine
21348287,missourilife
23392933,RHTrav
31006356,DruryMirror
1267327508,lulegacy
18859160,TheChartOnline 
78422390,TheStandard_MSU
67486755,TheMissourian
242594373,SBUOmnibus
40347717,TheUNews
75108589,trumanindex
15441117,TheManeater
1528151036,University0News
20752758,studlife
54096440,WebsterJournal
346585900,Ccplaindealer
62602965,thepanolian
461309392,TheSeaCoastEcho
44293831,BelzoniBanner
12810582,sunherald
17953793,dailyleader
565071949,claysunsentinel
26085979,BolivarCom
161036263,tccurrent
13877002,ClarionLedger
605569140,C_Courier
164876970,ColProgress
30594847,cdispatch
595711658,DailyCorinthian
1345376881,kempermessenger
346986012,WebsterProgress
13877002,clarionledger
354692625,Newswriter95
580254697,ddt_news
556305526,gwcommonwealth
14864435,hburgamerican
,LamarTimes
264140864,copiahcourier
67720070,desototimes
2450275111,SouthReporter
175082708,jacksonadvocate
17052001,jxnfreepress
73396936,mbjournal
492534506,MississippiLink
17966185,greenecoherald
49980429,wcjournal
980944046,MageeCourier
725986314,theEJlive
22545364,meridianstar
363886049,LawrenceCoPress
18462118,natchezdemocrat
23258634,OxfordEagle
,pcgazebo
30109259,NeshobaDemocrat
1531551674,ThePicayuneItem
20890143,StarkvilleDaily
33609668,djournalnow
546152004,NCAppeal
1109839831,VicksburgPost
919759946,TheYazooHerald
340361741,MDWFPonline
161338932,MShuntnfish
15370333,reflectoronline
42978609,thedm_news
128335122,belgnews
234030792,explorebigsky
194235340,BigforkEagle
21243049,billingsgazette
22707076,bozchron
102457779,mtsbrk
65727099,hungryhorsenews
372900641,MadisonianNews
252801194,Fairfield_MT
75400450,glasgowcourier
36708793,gftribune
69658524,RavalliRepublic
260856441,HavreDaily
12568062,helenaironline
30267926,DailyInterLake
17546776,FlatheadBeacon
21307882,westernnews
21316568,Missoula_Indy
16249481,missoulian
65669674,LCLNews
24293800,sidneyherald
77301563,whitefishpilot
604002966,swmtmagazine
68760150,LivelyTimesMT
,KaiminNews
19350375,RCNewsherald
122937367,stanlynewspress
111679404,courier_tribune
10657272,asheville
15515188,mxnews
3053471913,blkmtnnews
169489519,Mountain_Times
14857971,WataugaDemocrat
3460735287,smokymtntimes
19536655,thetimesnews
264383053,IslandGazette
130872315,CaryCitizen
227468283,Cary_News
,ChapelHillNews1
23783609,CBJnewsroom
8695932,theobserver
34055841,thecharpost
14849240,cl_charlotte
312143117,themecktimes
168790068,QuePasaMedia
2349961167,SampsonInd
19187765,indytribune
,DenverWeekly
18393987,durhamskywriter
293063251,TheHerald_Sun
16667591,indyweek
44904935,dailyadvance
1936021843,BladenJournal
438086909,ElkinTribune
13210422,fayobserver
1372390200,MaconCountyNews
26285770,gastongazette
61228023,newsargus
1124052601,CaldwellJournal
21218607,triadbizjournal
11853712,newsandrecord
24937222,RhinoTimesGso
18921549,yesweekly
17488749,reflectornews
142672722,havenews
75121860,Daily_Dispatch
18556537,BlueRidgeNow
37714326,hickoryrecord
59576823,hpenterprise
115478978,NewsofOrange
,HeraldWeekly
15764921,jdnews
69378571,stokesnews
74796290,kinstonfp
269966108,newstopic
147693223,lexdispatch
629084096,LincolnHerald20
1278899330,LincolnTimes
2528018029,The_Robesonian
35771864,mcdowellnews
74479578,EnquirerJournal
31208436,mooresvilletrib
126038319,newstimesonline
35771004,MorgantonNews
764169732,mountairynews
45545345,theScoutnews
75010991,NBSunJournal
97323034,GoWilkes
2792435567,journalpatriot
2392204371,mynwobserver
2841160223,nsjnews
15904273,TriangleBIZJrnl
158355136,RockinghamNow
24293140,rrdailyherald
32211324,telegramreports
106462350,roxborocourier
15753241,salisburypost
59188604,brunswickbeacon
17597919,shelbystar
274635260,Chathamnews
1367789960,heraldnc
301484848,ThePilotNews
243334319,StatePortPilot
19083793,statesville
24693169,thesylvaherald
2375954390,Tville_Times
461331832,MontHeraldNews
239156124,tryonnews
2291757392,TheAnsonRecord
45454144,wakeweekly
297623476,WarrenRecord
256517243,WDNweb
29752569,SmokyMtnNews
15537849,starnewsonline
58366671,thewilsontimes
577206898,ws_chronicle
23483116,JournalNow
355525874,luminanews
2321100152,TheYadkinRipple
31283461,EasternWakeNews
30191678,WeLoveDowntown
154531535,BeachCarolina
20773027,TheATRegister
61078471,TheAppalachian
577450856,The_Davidsonian
21136788,DukeChronicle
38582082,TEC_newspaper
16782091,elonpendulum
187937831,TheGuilfordian
193359615,hilltopmhc
90441165,campusecho
17049486,ncsutechnician
92362534,TheBlueBanner
16656851,dailytarheel
,NinerOnline
16092099,UNCP_PineNeedle
29505229,TheSeahawk
262957520,wfu_ogb
39790757,WCUsNewspaper
19403006,bistrib
64448274,farmranchguide
762162194,DevilsLakeJour1
86088922,dickinsonpress
14602924,inforum
15427899,gfherald
15428069,jamestownsun
198496357,kenmarenews
1007254370,vctimesrecord
24295890,wahpeton
15429045,westfargo
19446193,willistonherald
21608414,NDSUSpectrum
223906482,wahoonewspaper
426299281,NewsregisterANR
305075576,beadailysunnews
33897176,bellevueleader
574583999,EnterprisePub
52867745,News_Blade
98741043,ChadronRecord
589365266,NelighNews
54064786,TriCityTribune
2402039389,DCPGSports
554945601,FbyJournal
,FCNEJournal
136326597,FremontTribune
1286838300,GeringCourier
10191572,theindependent
937600154,gretnabreeze
20279304,CedarCoNews
182914728,hastingstribune
54951024,KearneyHub
425364987,ClipperHerald
23987282,JournalStarNews
31435635,mccookgazette2
65742008,northbendeagle
146558810,NPTelegraph
242351948,mbjpublications
,TheReaderOmaha
15163577,OWHnews
111040198,PapillionTimes
1911448584,ralstonrecorder
33619524,sbstarherald
993964483,SunTelegraph
374027694,SSC_Star
33035364,claycountynews
234458289,bcplaindealer
249808520,MWMessenger
4779371491,WaunetaBreeze
171482928,waverlynews
3248893208,TheWayneHerald
418646545,wstptnews
6264712,yorknewstimes
116888471,cityoflincoln
74252901,CUCreightonian
69140746,doaneline
21812439,DailyNeb
329948076,berlindailysun
106553921,LondonderryTime
35772433,ConMonitorNews
111080388,nutfieldnews
19334875,FostersDailyDem
390352202,ENLNews
606459187,HamptonUnion
94610714,hooksettbanner
315895033,HL_News
180638409,weirstimes
85850788,CoosCountyNews
16144644,nhbr
20073589,unionleader
4745201,nashuatelegraph
107116645,conwaydailysun
315904672,Pelham_WindhamN
415765397,LedgerTrans
7510172,seacoastonline
,Applaudwomen
12803972,nhmagazine
83646104,heartnewengland
9252172,yankeemagazine
21126770,thedartmouth
132743559,DartmouthReview
22951958,ClockNewspaper
19593760,thenewhampshire
38256654,hudson_reporter
2471806068,micromediapubs
469426208,Bville_News
14179819,njdotcom
16164289,MyCentralJersey
622081936,BrigantineNews
180578566,TheProgressNJ
197052458,capemaygazette
501119395,CGVObserver
200206880,ChathamCourier
21021385,cpsj
485064100,ObserverTribune
426311507,HunterdonReview
31513759,theretrospect
17353026,cranburypress
16164289,mycentraljersey
11344472,shorenewstoday
488485408,FlorhamPEagle
705288751,GallowayCurrent
183861840,NowyDziennik
34677788,northjersey
117513185,HaddonfieldSun
2836839804,HammGazette
488518369,hanovereagle
22811921,HillsBeacon
22818567,HopewellValley
27989791,jerseyjournal
234043377,theobservernj
552962943,DBCurrent
485052236,MadisonEagleNJ
924230051666722817,coaststar
118770011,CentralRecord
3447483148,SPObserver
476173499,MorrisNewsBee
501087785,MtOliveChron
17498747,AsburyParkPress
20524105,NJBIZ
11877492,starledger
102751218,NJHerald
240816365,ocgazette
19609379,dailyrecord
240497813,parsippanyfocus
22820146,PrincetonPacket
47974129,TownTopics
62964501,NJTODAY
501045556,RandolphReporte
90914191,TwoRiverTimes
22527376,HeraldNews
500989749,roxburyregister
478807623,echoessentinel
564801305,TheSandPaperLBI
59589510,Capitolwire
14909815,Trentonian
24751297,thedailyjournal
342954875,leadertimes
240818975,wildwoodleader
22820891,WHHerald
18832202,capemay
15062527,NJMonthly
188168117,TorchHeadSays
21221304,tcnjsignal
17802205,DrewAcorn
188092582,KeanTower
47431897,TheMontclarion
52615810,TheNJITVector
321127180,nassau_weekly
23013488,princetonian
245927681,ramaponews
402945604,theridernews
16151929,TheWhitOnline
,Daily_Targum
113681005,RNObserver
17204800,Setonian
148640705,alamogordonews
26061792,ABQBizFirst
14385076,abqjournal
805274118,NMTribune
18917501,weeklyalibi
33512387,artesianews
278644764,vcnewsbulletin
187327580,CCurrentArgus
194666789,demingheadlight
15344849,thedailytimes
262253921,gallupind
17763893,cibolabeacon
260329484,lcbulletin
18023647,CrucesSunNews
292510775,MVTelegraph
517686420,RDRNews
44458565,greenfiretimes
15907432,thenewmexican
20463615,SantaFeReporter
154037834,SCSunNews
29815112,taosnews
36968949,abqthemag
24769862,NMMagazine
65654009,NMSUroundup
14622091,dailylobo
90500349,bcreview
409590102,lccentral
11058482,nevadaappeal
9690012,rgj
47473766,ElkoDaily
2242838708,ElyTimes
63799920,fallonnews
46447972,recordcouriernv
15358759,reviewjournal
29509437,TahoeDailyTrib
185922266,lvinformer
12055942,lasvegassun
9234352,LasVegasWeekly
29825057,vegasinc
36198016,SpectrumNews
24213168,MesquiteLocal
216871585,pvtimes
18810895,rnrtwits
67065673,sparkstribune
3040402092,News4Nevada
1238181170,MasonValleyNews
46843604,VegasVCO
66512350,Nevada_Magazine
909265593441898496,TheRebelYell
18817538,AlbanyBizReview
84370843,spotnewsfeed
17448662,timesunion
2820539070,AldenAdvertiser
346676115,BeeNewspapers
35878291,recorder_news
14676527,The_Citizen
166595312,bvillemessenger
80188923,ballstonjournal
322838550,Batavia_Daily
259280207,steubencourier
13436572,pressconnects
14334727,artvoice
43805270,TheBuffaloNews
25549003,BfloBizFirst
407787297,SullCoDemocrat
18234041,MessengerPost
1048609021,CatskillDM
128258568,cazrepublican
474297689,ChathamCourier1
3191795759,CheektowagaBee
3187365172,TheClarenceBee
169922143,highlandcurrent
141197238,PutnamCourier
141198415,ThePCNR
134788787,coopercrier
173948255,cortlandstand
58808618,TheObserverNY
28867307,eastauroranews
3187455971,EastAuroraBee
24181273,27east
17947097,ehstar
552831446,evilletimes
14836971,stargazette
,TBRNewspapers
163587353,eaglebulletin
2221841437,RoslynNews
818040343,QueensTrib
21551945,LongIslandPress
160667346,fltimes
1656091255,gfchronicle
20538284,poststar
58789743,TheLeaderHerald
147658618,wnypapers
2218353349,GreatNeckRecord
622066615,TheIslandNow
2202615703,timestelegram
459528590,eveningtribune
2559460764,longislandernws
,TheIthacaTimes
97030466,DailyFreeman
100859367,kingston_times
58806088,LakePlacidNews
69657741,LewisboroLedger
44200674,LockportJournal
318550411,QueensGazette
581226573,MaloneTelegram
2203359480,ManhassetPress
89550207,riverheadnews1
89711932,thesuffolktimes
8861182,newsday
9802132,recordonline
336002906,MineolaAmerican
386163434,Rockland_News
620260412,TRRnews
18198403,LoHud
8862532,amnewyork
9763482,NYDailyNews
245174381,brooklyndaily
82943769,BklynEagle
313344689,thechiefleader
18995454,crainsnewyork
22049155,DOWNTOWNEXPRESS
11988052,gothamgazette
32478637,irishecho
27863115,metronewyork
754353663083155456,MyCitypaperNYC
9763482,nydailynews
15738599,observer
17469289,nypost
807095,NyTimes
356941254,otdowntown
63363893,QueensChronicle
18514970,riverdalepress
165807088,TribecaTrib
22059385,villagevoice
71141734,thevillagernyc
28135853,wsjusnews
930441270,MidHudsonNews
102556875,NiagaraGazette
3043601188,suncmtynews
16114093,eveningsun
369543400,MP_Courier
1337427558,TheOburgJournal
122138862,adirondackexprs
156632093,OTHNews
110804913,Oneidadispatch
13062472,thedailystar
29442775,oswegocotoday
2317613323,LIAdvance
20687458,pennyannynews
26054340,pressrepublican
1624202936,WestmoreNews
20522509,northcountrynow
17630125,PokJournal
18938376,RBJdaily
17022537,DandC
351895654,TheWaveNews
340344751,RVCHerald
736668061,RomeSentinel
16030899,libn
57746352,sagharboronline
43708461,SalamancaPress
507600771,SaratogaTODAY
112772431,SaratogianNews
26996798,dgazette
24181273,27east 
24094444,siadvance
24905968,troyrecord
17243809,uticaod
18727106,WDTnews
17874823,wellsvilledaily
18198403,lohud
,EditorBHL
14941706,ceoworld
3465122062,citylimitsorg
45564482,NYMag
594909750,ny_artsmgazine
50728664,SoHoJournal
155956694,fishnoreast
14677919,newyorker
24060652,BaruchTicker
22550843,CUIntegrator
79281135,MaroonNews
27582945,ColumbiaSpec
14311436,cornellsun
246071010,cornellreview
101341950,HUChronicle
309239718,HudsonianHVCC
25165569,IthacanOnline
15731856,nyunews
22526810,ThePacePress
319307712,TheKnightNews
73290282,TheSkidmoreNews
72694635,The_BV
23274006,bupipedream
35583342,UBSpectrum
23890834,sbstatesman
16141413,dailyorange
73001785,campustimes
818496265,YUCommie
368146818,YUObserver
18169582,ohiodotcom
110603157,Akrondotcom
14334312,alliancereview
17907697,timesgazette
3041495742,thestarbeacon
56410041,athensmessenger
53408960,theathensnews
87195753,AuroraAdvocate
490456820,BarbertonHerald
921945348,ClermontSun
499016441,_beavercreeknc
55313263,BftExaminer
37663094,sentineltribune
37976051,bryantimes
86178449,bucyrustf
17871626,dailyjeff
24878216,cantonrepdotcom
23802446,fpstandard
16116116,ChilliGaz
18953819,BusinessCourier
37007849,call_post
18457851,CityBeatCincy
14095883,Enquirer
208650694,CinciHerald
198518114,CirclevilleNews
18245880,ClevelandScene
27715037,CrainsCleveland
14267944,clevelanddotcom
245638510,heightsobserver
24209004,columbusbiz1st
52568067,ColumbusAlive
10685542,dispatchalerts
146512477,columbuspost
15763558,thisweeknews
34985745,coshtribune
29209295,dbjnews
15627208,daytondailynews
17872554,crescentnews
83613487,delgazette
272020103,delphosherald
58791130,TheReviewOnline
263349357,theeatonrh
21412739,YourChronicle
73181867,Englewood_Ind
111373879,fairbornherald
23490604,FindlayCourier
1969244588,Fostoria_RT
34543098,fremontNM
407835614,GalionNews
2534014316,gd_trib
117091842,thenewsdemocrat
619273364,GranvilleSent
19413813,advocate360
15688704,journalnews
78957670,TheTimesGazette
73181443,hh_courier
19349613,IrontonTribune
59237559,jtimesjournal
105855482,kentontimes
20607098,eaglegazette
17502336,limanews
2456878704,the419
58791847,Morning_Journal
77053795,logandaily
135137503,TheMadisonPress
20732804,MorningJournal
28489820,MansfieldNJ
58529506,MariettaTimes
38460940,TheMarionStar
58524891,TheTimesLeader
1728939649,indedotcom
1433610966,mchnews
43405364,medinagazette
266586168,pressnewspapers
18639958,mountvernonnews
27543107,nwseditor
38477406,TROhio
21004741,NewarkAdvocate
19923351,nreflector
264388014,PutnamSentinel
25571825,vvoh
619278290,PataskalaStand
211539279,pauldingpaper
15763558,ThisWeekNews
2290154384,TheDailyCall
40561493,thebeaconnews
34543494,pcnewsherald
58851068,PDTNews
61877887,smeveningleader
58792174,SalemNewsOH
31460417,sanduskyregistr
285736926,sidneydailynews
15689607,springfieldnews
58540567,HeraldStar
17869846,recordpub
87215237,stowsentry
1735434920,SylvaniaAdv
58500450,AdvertiserTrib
70984230,tippnews
22795270,toledonews
50291714,TCPaper
1945474574,Troydailynews
429040754,DailyChiefUnion
44497416,UrbanaCitizen
73179801,VandaliaDrummer
2382160040,wapakdaily
58824655,TribToday
16825847,recordherald
58577939,newswatchman
2572491208,WelEnterprise
140208481,peoplesdefender
1079877763,Village_Report
68460567,WestLifePaper
21319429,newsheraldinoh
19608272,WilmingtonNews
17870329,thedailyrecord
109469773,xeniagazette
39793454,ysnews
314550535,thebizjournal
18172998,metromonthly
14076171,vindicator
15673261,TimesRecorder
50409375,akronlifemag
175487635,AboutStark
32264744,CincinnatiMag
393451707,CincyMagazine
37954510,CBCmagazine
31567003,clevelandmag
31482567,columbusmonthly
17487196,ColumbusParent
48427906,ibmagazine
4172202741,DiscoverOhio
26233680,Smart_Business
193139668,SEOhioMagazine
,wbwhfm
19175815,The_BG_News
77312280,TheChimesNews
21981237,cwruobserver
56531782,clevelandstater
2759800778,TheWoosterVoice
19040246,kentwired
59481479,miamistudent
53584356,oberlinreview
11777302,TheLantern
28899666,ThePost
18768997,buchtelite
75382418,NewsRecord_UC
25764805,FlyerNews
,TheICToledo
50361393,wsuguardian
90775118,xaviernewswire
20797283,thejambar
313299237,theadanews
1098664896,TheAltusTimes
76431341,bartlesvilleEE
93739594,BALedger
1876533962,expressstarnews
22546784,ClrmoreProgress
59139892,CowetaAmerican
324212567,DuncanBanner
27693260,edmondsun
36685326,ERTribune
31120467,enidnews
2541744122,PressLeader
63771187,grovesun
45003438,guymondaily
69364832,kingfishertimes
99147636,LawtonConst
989912449,McAlesterNews
63770032,miaminewsrecord
21348416,muskogeephoenix
248368867,newkirkherald
27946710,normannews
20700623,JournalRecord
7406262,NewsOK
22194306,owassoreporter
44991444,PurcellRegister
75298885,seqcotimes
16076533,ssleader
23108538,shawneenewsstar
334863894,SkiatookJournal
24184181,StwNewsPress
1609324886,tahlequahtdp
18197612,gtrnews
14709647,tulsaworld
65718456,woodwardnews
21677265,oklahomacitycom
20539306,OklahomaToday
361019625,tnenews
23025311,ocolly
16289168,OUDaily
18945939,dhnews
21038155,dailytidings
20574361,dailyastorian
43398287,bakercityherald
67451138,valleytimes
16798764,thebulletin
31499478,cascadebusnews
65438112,sourceweekly
44258200,currypilot
55673466,thecbgazette
2876884384,thechiefnews
18362692,TheWorldLink
15853821,gtnews
40351798,CGSentinel
1287220969,PolkIONews
29851728,wcchieftain
16675413,eugeneweekly
18842256,registerguard
22029314,DailyCourier
91043284,gresham_outlook
29832457,HermistonHerald
45264807,HoodRiverNews
29840205,myeaglenews
22222604,Keizertimes
36498374,HeraldandNews
43431533,lagrandenews
91153522,WestLinnTidings
50767888,LebanonExpress
41466295,TheNewsGuard
30017628,nccitizen
1344386184,McKReflections
32569346,newsregister
7591102,mailtribune
2396478536,newberggraphic
17761450,argusobserver
20657565,EastOregonian
26958631,MidcountyMemo
2992751,oregonian
17135038,pdxbizjournal
5752542,portlandmercury
49713826,pdxobserver
55473790,ThePortlandTrib
31260535,TheSkannerNews
16491683,wweek
14078728,nrtoday
188810664,SHChronicle
17644000,capitalpress
23919582,oregonnews
60734964,salemweekly
41691265,Salem_Statesman
151140635,SeasideSignal
179709591,Nuggetnewspaper
257228064,tdchronicle
29498629,headlightherald
295937751,wspokesman
19363575,WBIndependent
59540932,ORbike
16551172,oregonbusiness
125839201,oregoncitylink
14276094,traveloregon
56561189,gfucrescent
103743790,linfieldreview
54639906,LBCommuter
392946797,mhccadvocate
4704504988,baronews
18322507,psuvanguard
282443024,roguebyline
15093279,DailyEmerald
245569482,WUCollegian
15431914,mcall
58497343,AltoonamirrorPA
108673798,MLmedianews
16203795,bctimes
284744896,pressenterpa
423749259,TheBradfordEra
1602044551,CElocal
69311674,ButlerEagle
24713010,cumberlink
20269833,TribLive  
21300851,ponews
167927220,exploreclarion
1355299436,AbingtonJournal
42952359,gantdaily
19792502,TLNews
52447679,PBJonline
1205716489,ECLedger
56550575,progressnews
14247195,goerie
43633875,MontgomeryMedia
23141800,Gburg_Times
16370927,theeveningsun
17063785,lehighvalley
14304170,pennlive
1096139192,TheNewsEagle1
124555109,standardspeaker
1089578102,TWI_newsroom
81589314,thesunontheweb
40919594,indianagazette
155634922,tribunedemocrat
,http://triblive.com/x/leadertimes/
378196015,BucksCoHerald
1011901,lancasteronline
20522831,lansreporter
53114544,laurelmtnpost
115116795,ldnews
37012909,Times_News
58560108,TheSentinelPA
1216644037,Meadville_Trib
2848585306,messengerpaper
42950890,newcastlenews
21057999,TimesHeraldPA
205370026,The_Derrick
25560065,PHLBizJournal
604601964,metrochinese
14689197,PhillyDailyNews
14495726,phillyinquirer
15896072,phillyweekly
28568173,NewPghCourier
24247996,pghbiztimes
17371435,PGHCityPaper
21780652,pittsburghpg
1585840140,PSDispatch
20269833,triblive
15063278,MercuryX
15291183,repherald
74168324,delcotimes
16408067,readingeagle
377018070,Morning_Times
10680632,timestribune
119404374,sharonheraldpa
12135452,dailyamerican
2892471569,webbweekly01
23113205,centredaily
7511312,poconorecord
27884326,dailyitem
1688758134,wcexaminer
78667209,hsuniontown
58822821,TimesObserver
26270132,oronline
108673798,MLMediaNews
102437332,therecordherald
309762174,tiogapagazette
94599930,wcdailylocal
46161885,citizensvoice
19792502,TLnews
20281416,wkdr
23499427,wmsptsungazette
8935172,ydrcom
17088476,yorkdispatch
229085708,HarrisburgMag
16563214,phillymag
444024345,ThisWeekPoconos
69434349,BUvoice
50160963,loqwitter
57108546,CalTimes
52592210,clarioncallnews
364964174,TheDickinsonian
902539600341716992,TheTriangle
134270579,theduquesneduke
203079166,ThePennIUP
155742125,TheLafayette
116275809,lhueagleeye
262933830,TheSnapperMU
256684637,BergWeekly
16084829,dailycollegian
71305435,SRURocket
60326749,swatphoenix
10374542,swatgazette
15907207,thetemplenews
12902502,dailypenn
16641565,ThePittNews
15564749,wilkesbeacon
821994672,TheValleyBreeze
252699061,TheNewportDaily
8731922,eastbayri
21665565,provbusnews
14354091,projo
594822593,WoonsocketCall
273602537,PVDMonthly
16635859,RIMonthly
25581369,the_herald
48835319,brownspectator
62618311,thecowl
,TheAnchor_RIC
22099734,Good5CentCigar
15583586,aikenstandard
14872404,independentmail
17296853,beaufortgazette
353277920,Herald_Advocate
16890008,blufftontoday
24802436,chascitypaper
42022705,lowcountrytoday
14693499,postandcourier
17230832,CRBJ
15725863,TheDigitel
318601384,TheColumbiaStar
34991792,freetimessc
12831882,thestate
27952027,voiceofpeedee
24189508,fortmilltimes
2409213534,Gaffney_Ledger
37938191,SouthStrandNews
3122552037,BerkeleyCoNews
16007481,greenvillenews
295424059,GSAbusiness
1058197038,UpstateBiz
,https://twitter.com/ijindexjournal
12804832,islandpacket
191461850,KingstreeNews
51646419,GoLaurens
2541626365,TheNBOnews
20941458,thetandd
67328093,RHHerald
7227042,goupstate
19657736,theitem
221582222,colletonian
462954843,WilliamstonJour
172176867,thecollegianbju
78404156,CisternYard
18958586,thegamecock
48493886,TheJohnsonian
12921612,aberdeennews
849957800,freemancourier
41042838,LennoxSDnews
288839573,daily_leader
15427690,dailyrepublic
180412944,MobridgeTribune
17762564,capitaljournal
320961515,lakota_timez
19209569,rcjournal
15436545,argusleader
112863282,bhpioneer
106640569,teaweekly
546997606,plaintalk2
73181180,PublicOpinionSD
2830335926,ReporterFarmer
41418745,pressanddakotan
20163708,SDMagazine
25158417,thevolante
1195396854,actimesnews
20611494,TheDPA
16028049,TimesFreePress
114927225,Chattanoogancom
33927246,ChattaPulse
16875261,LeafChronicle
172860953,thedailyherald
15263608,leader_news
23082808,crossvillenews
164306734,rheaheraldnews
46745246,dicksonherald
23689559,StateGazette
175386307,ElizStarNews
26661828,erwinrecord
20592446,elkvalleytimes
26235267,wherald
390358946,GallatinNews
67003469,GreeneSun
267262609,JSunNews
1250346146,standardbanner
16562479,heraldcourier
29218765,JCPress
23782016,timesnewsonline
1932714150,Roanecountynews
166207963,KnoxDailySun
1018921,knoxnews
97637721,mundohispanotn
3170860074,shoppernewsnow
4736734115,lafollettepress
2530719373,MaconTimes
97281902,WilsonCoNews
104292181,wilsonpostnews
515674346,NewsHeraldSport
204306575,ocnews38570
1091168779,TheMooreCoNews
285065118,TennesseeBuzz
20592292,manchestertimes
16300576,DailyTimes
1702360633,sstandardnews
12039612,memphisnews
19408436,MBJMemphis
29773854,memphisdaily
9971552,memphisflyer
20592139,CitizenTribune
50733937,MJ_Chronicle
567583953,MtJulietNews
17070689,dnj_com
473270040,Mboro_Post
16117930,TheCityPaper
18948923,nashvillebiz
20008214,Nashvillescene
16639736,tennessean
379153641,tn_tribune
1424313913,NPlainTalk
14790192,theoakridger
21031034,parispi
2505428408,TennStarJournal
168694077,RogReview
74183291,themtnpress
16868098,times_gazette
20592545,grundycounty
20592194,tullahomanews
20592368,HeraldChronicle
41376744,cityviewmag
42316036,TheAllState
69101763,easttennessean
18005124,MTSUSidelines
50811066,tsuthemeter
26188631,DailyHelmsman
316178357,UTC_Echo
13973442,ThePacer
77537626,VandyHustler
18647970,reporternews
362103794,thealbanynews
233990278,EchoNewsJournal
823993891,starlocalmedia
555318368,Rockslides
16409468,amarilloglobe
3186979656,AthReview
5692542,statesman
24037404,MyABJ
14337705,AustinChronicle
124506252,laketravisview
44513878,texastribune
501990563,TheVillagerATX
555354721,BanderaBulletin
370182075,BastropNews
39272223,baycitytribune
360051634,TheBaytownSun
14358491,bmtenterprise
54930042,mysoutex
61551188,bigspringherald
20501682,blanconews
555396947,TheBoerneStar
27067098,bowienews
1965108474,BreckAmerican
1712870203,BNewsBrian
18004786,brownsvillenews
63767771,bwdbulletin
19811171,theeagle
33073321,BullardBanner
555490260,TheCamHerald
25690764,TheCanyonNews
16739340,csjavelin
199460614,HillCountryNws
249380354,CBStatesman
3016027733,ClarendonTxNews
32407848,ctrnews
54941553,MyClevelandNews
36393142,thefactsnews
17095956,callerdotcom
33676743,TheDailySun
151119570,DBJEvents
15679641,dallasnews
16713771,Dallas_Observer
62546305,pcpeople
115173752,phollowpeople
18384904,WCMessenger
364283064,DRNewsHerald
20178548,dentonrc
82274262,mcnewspress
18206547,elpasotimes
,ElginCourier
67396553,RainsCounty
38489521,FreestnCoTimes
29482764,farmersville
20197615,wcnonline
556051365,FSPioneer
24942387,fwbusinesspress
15615783,startelegram
252299612,FortWorthWeekly
214633692,fbgstandard
54972485,FriendswoodNews
776753443,friscoupdates
37381846,GalvNews
120504806,thepolicenews
2709716292,WilcoSun
41682366,TheGilmerMirror
555997210,GonzInquirer
29002781,lakecountrysun
20939346,grahamleader
24189296,HoodCountyNews
47201290,heraldbanner
3161363832,GBTJournal1
19919055,valleystar
,theHDN
204473453,forwardtimes
20553814,free_press
23696276,HOUBizjournal
8940342,HoustonChron
36783369,hcnonline
16621190,HoustonPress
2399106745,howeenterprise
63610971,HuntsvilleItem
111341927,italyneotribune
314066265,jacksboro_news
135957086,jdprogress
20503616,jcrecord
1325880258,TexasBlazeNews
19715741,kerrville
31221706,kilgorenews
31124797,kdhnews
28574539,haysfreepress
540837497,FCR_News
15099229,lmtnews
248963045,HCHerald
447716263,LewisvilleTexan
20503110,llanonews
114494322,LktPostRegister
15850444,newsjournal
6573302,lubbockonline
18032007,lufkindailynews
156736806,daily_trib
158495049,Highlander_News
152017960,bigbendnow
555951991,MarlinDemocrat
836120630,News_Messenger
20502811,masonnews
16258543,monitornews
1650579692,TBBusiness
35862157,mwtnews
41430880,mwindex
24940286,progresstimes
256604719,MPDailyTribune
19205546,dailysentinel
43231142,NavExaminer
14358491,BmtEnterprise
235331818,NewBraunfelsHZ
16726367,OdessaAmerican
277003928,Orangeleader13
108520811,ozstockman
34093588,palestineherald
191216971,TheParisNews
59154931,PasadenaCitizen
59155900,PearlandNews
368424475,PvillePflag
821904282,postsignal
17190812,MyPlainview
824014742,planonewspaper
193991291,pe1909
65429553,portasouthjetty
16351278,panews
43051091,portlavacawave
57678023,princetonherald
146457290,fbheraldsports
316564839,roundrockleader
378349613,CHNewsDesk
111434409,saladovoice
48371608,gosanangelo
20088983,SABizJournal
9830752,mysa
1135338408,LaPrensa_News
9830752,mySA
15342142,SAcurrent
14448110,themercurynews
20503392,sabanews
228882014,bayareatexas
128367623,seguingazette
1655948227,SemTXSentinel
17147393,heralddemocrat
1954785228,SmithvilleTimes
26074743,hpocom
66913926,HansfordReport
63768590,empiretribune
27978630,myssnews
2294905464,SWTRReporter
38606834,TaylorPublisher
37004385,tdtnews
43051623,terrelltribune
75629256,VillagerNews
17889684,Tylerpaper
1487838944,uvaldenews
15535842,Vicadvocate
15101583,wacotrib
46674564,WfordDemo
118199829,picayunenews
46196849,whartonjs
388489227,tricountyleader
1205297323,TimesRecordNews
462164269,vanzandtnews
73392981,WylieNews
380971577,Paradeweekly
15787714,SanAngeloLIVE
183367628,iDealGolfer
17595745,Dmagazine
24445203,GCFMagazine
40085795,huntfishtx
26937936,TexasHighways
16365305,TexasMonthly
15021918,TexasObserver
65509294,acuoptimist
980965195,ASURamPage
18202079,bulariat
2194427792,TheFoghornNews
325902731,WichitanOnline
221855426,ThePanAmerican
69330711,TheRiceThresher
2760455022,TheHoustonian
21170159,thedailycampus
369327961,SulRossSkyline
285349143,JTACnews
52884959,thebattonline
281715255,tcu360
17026617,tcumagazine
67429281,lslonline
10045512,UniversityStar
27728235,DailyToreador
16166076,thedailycougar
16018278,ntdaily
22577512,utashorthorn
21426656,thedailytexan
21318168,UTEP_Prospector
25165225,ThePaisano
154634714,DavisClipper
26436410,ecprogress
36880297,CHJgoings
36881133,DJgoings
517806167,WasatchWave
2612653224,MagnaTimes
432933895,MoabTimes
36882692,MJgoings
266192983,WeberSentinel
17007478,standardex
34956567,parkrecord
26435878,sunad
16910966,heraldextra
827421763,richfieldreaper
249744932,suindependent
36198016,spectrumnews
192788396,STGnews
15050354,deseretnews
19958805,qsaltlake
19512380,cityweekly
15369276,sltrib
36955564,SJGoings
36957232,SVJGoings
634491297,serve_daily
36964009,TKJGoings
402283140,TooeleTB
36964818,WJJGoings
38473607,cyclingutah
55391476,UniverseBYU
214667066,suunews
31592058,thechrony
31444869,UtahStatesman
22571200,UVUreview
43985046,WSUSignpost
99430767,marykimm
28522270,AlexTimesNews
303857589,arlconnection
627593761,BedfordBullNH
34982802,coalfield
107102178,SwVirginia_News
,burkeconnection
304032876,CentreView
17136814,DailyProgress
19350079,tidewaternews
19664134,CrozetGazette
3305035947,CulpeperSE
15247163,godanriver
,ffxconnection
48787554,FCNP_Nicholas
2163459276,FarmvilleHerald
287452769,GalaxNews
28364745,SCVaStar
14527393,daily_press
20595712,heraldprogress
197427353,DNRnews
303919703,herndonconnect
57436246,carrollnews
121197954,HopewellNews
19350079,TidewaterNews
29212306,RappRecord
52461655,LTMNews
52461655,LTMnews
104247826,TheNewsGazette
19711438,thecv
16255892,newsadvance
1344672535,MCEagleNews
17815585,INSIDENOVA
3386149024,MVilleBulletin
303925015,McLeanConnect
15754281,usatoday
2834111727,CfieldObserver
303855296,mtvernongazette
154160994,H_R_Messenger
16725341,insidebusiness
741843323019657216,pilotnews
122416920,fluvannareview
54941379,progressindex
303851879,PotomacAlmanac
966759138,SouthwestTimes
,restonconnect
23764675,rtdnews
17487820,styleweekly
8756502,roanoketimes
18866918,SmithfieldTimes
120653125,sobogazette
88928040,sobNR
343456965,SouthHillEnterp
148845723,airforcetimes
148878245,armytimes
185340210,marinetimes
27114180,navytimes
304030991,sprconnect
19366646,NewsLeaderNOW
15099017,nvdaily
19350567,suffolknews
23110148,ssentinel
,viennaconnect
,FauquierDotCom
156408784,rappnews
16534226,augfreepress
31024318,newsvirginian
144904461,vagazette
54946441,WinStarVa
40119039,LocalKicks
14953733,laughspincom
26845764,roanoker
69956281,Healthjournals
351329310,MasonBroadside
20323661,thebreezejmu
108343857,LUChampionNews
163869897,longwoodrotunda
275124948,Spartan_Echo
18997745,maceandcrown
33672991,RUTartan
26161769,URCollegian
24296023,cavalierdaily
326401304,theCT
45960001,CollegiateTimes
21344229,TheFlatHat
23093824,TimesArgus
3292118419,bartonchronicle
194437453,banner_news
94639905,journalopinion
26577021,brattreformer
12794062,bfp_news
6597892,sevendaysvt
210853986,ManJourn
52413502,addyindy
124558409,newsandcitizen
10508912,rutlandherald
359938102,samessenger
44384307,calrecord
64748862,Shelburne_News
607296367,VTWomanNews
19785620,StoweToday
263701385,valleyreporter
18607241,vermont_fyi
156741150,NorthWoodlands
36192396,middcampus
89058215,GHDailyWorld
817973234,BIConversation
194652706,BIReview
31937109,ballardnewstrib
25217965,BellevueNews
19612617,bhamherald
16954081,kitsapsun
249042889,cwprsports
26283568,chronline
376958549,SENewsteam
15937164,pnwlocalnews
43404286,edmondsbeacon
45609753,EllensburgDR
221516558,Enumclaw_CH
14178003,everettherald
55667299,fwmirror
234088546,SanJuanJournal
39099567,sanjuanislander
55673506,pengateway
124512243,GdaleSentinel
59896901,issaquahpress
12763982,tricityherald
30928281,WhidbeyRecord
318868552,LLSplash
30090092,chinookobserver
20545650,the_daily_news
128936003,lyndentribune
87750224,globereporter1
38295334,mireporter
61293243,MonroeMonitor
82196959,SRValley
972255798,The_CBH
16407618,goskagit
198252388,mukilteobeacon
30929763,whidbeynews
12807732,theolympian
41396811,OmakChronicle
602922910,GazetteTribune
22079341,pendailynews
39608477,poinews
20604874,ptleader
26299437,nkherald
50756631,PuyallupNews
53173353,rentonreporter
551209208,Cap_Hill_Times
86197080,SeattleDJC
1596579416,MadisonParkTime
18062553,nwasianweekly
23785621,PSBJ
48864323,qamagnews
10648962,seattlepi
14352556,seattletimes
16230239,seattleweekly
31941306,westseattleher
33678751,sequimgazette
73459028,reporterpatriot
158536972,valleyrecord
2873796810,SpokaneJofB
613807562,StanCamNEWS
3873050712,dailysunnewswa
8983922,thenewstribune
354592803,TacomaIndex
52887365,tacomaweekly
28172454,be_daily
201462908,MethowNews 
15079397,thecolumbian
177299648,VMIBeachcomber
91421011,keypennews
11965052,ubnews
15484056,wenatcheeworld
35768528,WdvlWeekly
16514376,Yakima_Herald
125405301,nisqvalleynews
7393552,danyoura
30068171,CWUObserver
94004105,easterneronline
112781504,plumast
26116513,SU_Spectator
12762342,thedaily
106642224,uwtledger
64920301,DailyEvergreen
25119273,thefrontonline
,whitmanpio
16594153,TheWhitworthian
2996369957,AntigoDJ
16796483,postcrescent
632288741,AshlandDailyPre
222591341,News_Republic
291862073,BDCitizen
545238236,BDNConnection
21311422,chippewaherald
22034448,leadertelegram
15428666,piercecounty
76453806,fdlreporter
27887643,DUNews
,leadernewsroom
18730191,gbpressgazette
633185507,SawyerCoRecord
15427985,hudsonwi
20092721,gazettextra
19774465,Kenosha_News
20796192,lacrossetribune
82702547,ladysmithnews
20977427,LGOnline
15845694,captimes
17137987,isthmus
14075928,theonion
15752446,wistatejournal
22736351,htrnews
117846041,EagleHerald
28623166,mnherald
19917537,biztimesmedia
20521204,MKEBizJournal
16544024,JournalSentinel
14875771,shepherdexpress
41188203,SpanishJournal
454226041,MonroeTimes
19735075,newrichmondnews
20796192,LaCrosseTribune
979174303,OregonObserver1
15385717,onwnews
594934011,PriceCountyDail
547131156,PDRnews
20078382,journaltimes
2957248827,Times_Press
1284062263,NWoodsRiverNews
1301273910,RLnewspaper
15428707,riverfallsj
50138727,thespeagle
19738517,ShawanoLeader
19072146,SheboyganPress
415662798,SpoonerAdvocate
2535779797,PCGazette
564695894,spcitytimes
18365574,stevenspointJrl
331370862,dcadvocatenews
244041978,wdtimes1
249279773,WaukeshaFreeman
17443274,wausauherald
14525878,wrtribune
40043352,milwaukeemag
111420986,thedigitalnp
250886182,TheLawrentian
19604157,mutribune
21099756,spectatornews
,4eUWGB
30597494,theracquet
14555303,BadgerHerald
15928094,dailycardinal
102748292,theuwmpost
36175409,atitan
,UWPexponent
58875918,uwrfvoice
124207903,uwsp_pointer
273222121,stoutonia
24221415,RoyalPurpleNews
594843477,Register_Herald
140628376,bdtonline
276494052,SpiritofJeff
8854622,wvgazettemail
19773907,wvstatejournal
,WVTelegram
58504073,InterMountainWV
541060226,timeswv
14838763,heralddispatch
2269115840,MtnMsgr
125462335,theloganbanner
541009321,pocahontastimes
58524142,TheJournalWV
78384267,moorefieldex
323265833,DominionPostWV
58498428,NewsandSentinel
1339212409,GrantCoPress
47228998,HampshireReview
58541611,WeirtonDlyTimes
58495096,IntelligencerWV
609933921,FluentMagazine
58792637,GrafWV
16309943,2LaneTweet
49475767,WVEAnews
106625234,MUParthenon
634053957,SUPicket
25324521,dailyathenaeum
15928002,svi
2434317636,BuffBulletin
1579258074,casperjournal
18228308,CSTribune
33936298,wtenews
3197817480,Enterprise1899
28148994,The_News_Record
24769236,jacksonholenews
17381131,theplanetjh
101897967,WY_Boomerang
27520861,Lovell_News
99146492,PowellTribune
,RawDailyTimes
525785643,TheDailyRanger
380373855,Sheridan_Press
188491595,TorrTelegram
21915685,AllTripsDotCom
1025185082,WGFD
